acc_x,acc_y,acc_z,bvp,eda,hr,temp,label
0.0,0.0,0.0,0.0,0.0,0.0,29.59,0
-0.0703124925494194,-0.1406249850988388,0.0416666641831398,0.0549999997019767,0.027763832360506,13.178332328796388,29.59,0
-0.1814024299383163,-0.3418444991111755,0.0933689028024673,-1.6097561120986938,0.0650079995393753,30.856586456298828,29.59,0
-0.2730481624603271,-0.5019207000732422,0.1433243304491043,-5.37647819519043,0.0974040105938911,46.23362350463867,29.59,0
-0.3292322754859924,-0.6240431070327759,0.1744313240051269,-7.735030174255371,0.1210386529564857,57.45199966430664,29.59,0
-0.3508021235466003,-0.7067251205444336,0.2174509465694427,-7.104360580444336,0.137040302157402,65.04731750488281,29.59,0
-0.3705081343650818,-0.7831887006759644,0.2290187776088714,-6.800723552703857,0.1475396901369094,70.03093719482422,29.59,0
-0.439064085483551,-0.8438690900802612,0.230931356549263,-10.39980411529541,0.1543396264314651,73.25858306884766,29.59,0
-0.3993732929229736,-0.8494166731834412,0.2209830433130264,-17.80215835571289,0.1747656315565109,75.33773803710938,29.59,0
-0.4130248427391052,-0.8361983895301819,0.2201834917068481,-25.943605422973636,0.1878942847251892,76.67410278320312,29.59,0
-0.4385806918144226,-0.8724821209907532,0.2028805911540985,-32.95179748535156,0.1963248997926712,77.5322494506836,29.59,0
-0.4437907934188843,-0.8565923571586609,0.1973709017038345,-42.49781036376953,0.2017366141080856,78.0831069946289,29.59,0
-0.4471347033977508,-0.8743818998336792,0.1938347071409225,-59.80533981323242,0.2052099257707595,78.43665313720703,29.59,0
-0.4660737812519073,-0.8522126078605652,0.1747722327709198,-78.790771484375,0.2074389904737472,78.6635513305664,29.59,0
-0.4726302921772003,-0.8603762984275818,0.1681365519762039,-79.54283142089844,0.2088695019483566,78.80916595458984,29.59,0
-0.4768379032611847,-0.8600175976753235,0.1750736385583877,-46.26694869995117,0.2097875326871872,78.9026107788086,29.59,0
-0.4795381128787994,-0.8653851747512817,0.1683299392461776,15.588643074035645,0.1984409838914871,78.96257781982422,29.57,0
-0.4532821178436279,-0.880025327205658,0.2031866163015365,83.72252655029297,0.1911594122648239,79.00106048583984,29.57,0
-0.4700191617012024,-0.8838227391242981,0.1919689923524856,137.89373779296875,0.1864865124225616,79.0257568359375,29.57,0
-0.4695644676685333,-0.8862596750259399,0.1959657222032547,171.865966796875,0.1834877133369445,79.04161071777344,29.57,0
-0.4692726731300354,-0.876628041267395,0.1929328143596649,186.4592437744141,0.1815632581710815,79.0517807006836,29.57,0
-0.4690854251384735,-0.8760448098182678,0.1965842396020889,180.2330017089844,0.1803282499313354,79.05831146240234,29.57,0
-0.4689652621746063,-0.8756704926490784,0.1933297365903854,154.77772521972656,0.179535686969757,79.0625,29.57,0
-0.4688881337642669,-0.8754302859306335,0.1968389600515365,121.75435638427734,0.1790270656347274,79.065185546875,29.57,0
-0.468838632106781,-0.8752761483192444,0.1990909874439239,95.7218017578125,0.1754871010780334,79.06690979003906,29.57,0
-0.4688068926334381,-0.8751772046089172,0.1949384212493896,85.30302429199219,0.1732153594493866,79.0680160522461,29.57,0
-0.4687865078449249,-0.8751137256622314,0.1978713274002075,93.05463409423828,0.1717574745416641,79.0687255859375,29.57,0
-0.4687734246253967,-0.8750729560852051,0.1941557228565216,114.14359283447266,0.1708218902349472,79.06918334960938,29.57,0
-0.4687650203704834,-0.8750467896461487,0.1917712539434433,135.96377563476562,0.1702214926481247,79.06947326660156,29.57,0
-0.4631618559360504,-0.8750300407409668,0.1902410387992859,148.31155395507812,0.1698361933231353,79.06966400146484,29.57,0
-0.4651638567447662,-0.8750192523002625,0.1892590373754501,151.80043029785156,0.1695889234542846,79.06978607177734,29.57,0
-0.4664486050605774,-0.8750123381614685,0.1886288523674011,152.29466247558594,0.1694302409887313,79.06986236572266,29.57,0
-0.467273086309433,-0.8750079274177551,0.1882244348526001,152.17477416992188,0.1684101969003677,79.03408813476562,29.57,0
-0.4678021967411041,-0.8750050663948059,0.1879649013280868,150.3602752685547,0.167755588889122,79.0111312866211,29.57,0
-0.4681417644023895,-0.8750032782554626,0.1877983510494232,145.8855438232422,0.167335495352745,78.99639892578125,29.57,0
-0.4683596789836883,-0.8750020861625671,0.1876914650201797,137.4250946044922,0.1670659035444259,78.9869384765625,29.57,0
-0.4684995114803314,-0.8750013113021851,0.1876228749752044,121.6850128173828,0.1668929010629654,78.98087310791016,29.57,0
-0.4685892462730407,-0.8750008344650269,0.1875788569450378,96.03913879394533,0.16678187251091,78.97697448730469,29.57,0
-0.4686468243598938,-0.875000536441803,0.1875506043434143,63.85358810424805,0.1667106300592422,78.97447967529297,29.57,0
-0.4686837792396545,-0.8750003576278687,0.1875324696302414,34.71879959106445,0.1666649132966995,78.9728775024414,29.57,0
-0.4687075018882751,-0.8750002384185791,0.187520831823349,17.15744400024414,0.1675537824630737,78.97184753417969,29.57,0
-0.4687227308750152,-0.8750001788139343,0.1875133663415908,12.536837577819824,0.1681242138147354,78.97118377685547,29.57,0
-0.4687325060367584,-0.8750001192092896,0.1875085830688476,15.586742401123049,0.1684902757406234,78.97075653076172,29.57,0
-0.4743365347385406,-0.8750000596046448,0.1875055134296417,18.68683815002441,0.1687251925468444,78.97048950195312,29.57,0
-0.4779329001903534,-0.8750000596046448,0.1875035315752029,16.936092376708984,0.1688759475946426,78.9703140258789,29.57,0
-0.4802408218383789,-0.8750000596046448,0.1875022649765014,9.20987606048584,0.1689727008342743,78.97019958496094,29.57,0
-0.4761241376399994,-0.8750000596046448,0.187501460313797,-6.22739839553833,0.169034793972969,78.97013092041016,29.57,0
-0.4734823107719421,-0.8750000596046448,0.1819031685590744,-32.42412185668945,0.1690746396780014,78.97008514404297,29.57,0
-0.4717869162559509,-0.8805978298187256,0.1783104985952377,-68.81086730957031,0.1686412692070007,78.97005462646484,29.67,0
-0.4706989228725433,-0.8841901421546936,0.1760049313306808,-113.00162506103516,0.1683631688356399,78.97003173828125,29.67,0
-0.4644029438495636,-0.8752999305725098,0.1745253503322601,-169.49826049804688,0.1681846976280212,78.97002410888672,29.67,0
-0.4603625237941742,-0.8639969229698181,0.1735758483409881,-245.087646484375,0.1680701673030853,78.97001647949219,29.67,0
-0.4521718621253967,-0.8679388761520386,0.1729665100574493,-328.2113952636719,0.167996659874916,78.97000885009766,29.67,0
-0.4413177967071533,-0.8704685568809509,0.1725754737854004,-385.7291564941406,0.1679494827985763,78.97000885009766,29.67,0
-0.4567433595657348,-0.877689778804779,0.1779222935438156,-390.4727783203125,0.1679192185401916,78.97000885009766,29.67,0
-0.4722403883934021,-0.8935194611549377,0.1869513541460037,-346.0657653808594,0.1678997874259948,78.97000885009766,29.67,0
-0.47658771276474,-0.903678059577942,0.1871479153633117,-282.0538330078125,0.168805181980133,78.97000885009766,29.67,0
-0.4513886868953705,-0.893403947353363,0.1928718239068985,-228.6505889892578,0.1693862080574035,78.97000885009766,29.67,0
-0.435217410326004,-0.8924083709716797,0.1965451091527938,-195.7372589111328,0.1697590798139572,78.97000885009766,29.67,0
-0.3968507349491119,-0.9085627794265748,0.1989023983478546,-173.99917602539062,0.169998362660408,78.97000885009766,29.67,0
-0.377826988697052,-0.9189297556877136,0.2004151791334152,-152.71897888183594,0.1701519191265106,78.97000885009766,29.67,0
-0.3936075270175934,-0.9255827069282532,0.1957882195711136,-129.20689392089844,0.1702504605054855,78.97000885009766,29.67,0
-0.4149301052093506,-0.9074610471725464,0.2096122205257415,-103.93293762207033,0.1703137010335922,78.97000885009766,29.67,0
-0.4454070329666137,-0.8902338743209839,0.2240814417600631,-79.27660369873047,0.1703542917966842,78.97000885009766,29.67,0
-0.4593676030635834,-0.8567873239517212,0.2333669662475586,-60.44422149658203,0.1694624871015548,78.89835357666016,29.67,0
-0.4459356069564819,-0.824127733707428,0.2449236512184143,-48.84232711791992,0.1688901782035827,78.85237121582031,29.67,0
-0.4429134726524353,-0.8087664842605591,0.2523400783538818,-39.61994552612305,0.1685228943824768,78.82286071777344,29.67,0
-0.4521695971488952,-0.8157018423080444,0.2459039539098739,-29.2699031829834,0.1682872027158737,78.80392456054688,29.67,0
-0.4637074172496795,-0.8257502913475037,0.230578064918518,-20.29916763305664,0.1681359410285949,78.7917709350586,29.67,0
-0.4599161744117737,-0.8377965688705444,0.2487316727638244,-15.72809886932373,0.1680388748645782,78.78397369384766,29.67,0
-0.457483172416687,-0.8287338614463806,0.2547838389873504,-13.493252754211426,0.1679765731096267,78.77896881103516,29.67,0
-0.4671173691749573,-0.8341134786605835,0.2586677670478821,-9.690975189208984,0.1679365932941436,78.7757568359375,29.67,0
-0.4788978099822998,-0.8487613797187805,0.2667580246925354,-4.725175857543945,0.169288083910942,78.77369689941406,29.67,0
-0.4808600544929504,-0.8693571090698242,0.2775476574897766,-1.8250179290771484,0.1701553910970688,78.77236938476562,29.67,0
-0.4989126324653625,-0.904965341091156,0.2788740396499634,-1.0135581493377686,0.1707119792699813,78.77152252197266,29.67,0
-0.5384865999221802,-1.022978901863098,0.2797252535820007,1.1014360189437866,0.1710691750049591,78.7709732055664,29.67,0
-0.558285117149353,-1.0707242488861084,0.2634781897068023,5.872912406921387,0.171298399567604,78.77062225341797,29.67,0
-0.5485996007919312,-1.0565823316574097,0.247453972697258,10.905387878417969,0.1714455038309097,78.77040100097656,29.67,0
-0.5423839688301086,-1.025115728378296,0.2315727770328521,13.844752311706545,0.1715399026870727,78.77025604248047,29.67,0
-0.5383951663970947,-0.9657378792762756,0.2045878171920776,14.94648265838623,0.1716004908084869,78.7701644897461,29.67,0
-0.507846474647522,-0.9108392596244812,0.1760748773813247,15.266592025756836,0.1711800843477249,78.77010345458984,29.69,0
-0.4938398599624634,-0.8979995846748352,0.1521791368722915,14.676688194274902,0.1709102839231491,78.77006530761719,29.69,0
-0.4736556708812713,-0.9009553790092468,0.1256486773490905,12.732536315917969,0.1707371473312378,78.7700424194336,29.69,0
-0.4551048576831817,-0.8916566967964172,0.1142207384109497,9.908557891845703,0.1706260293722152,78.77002716064453,29.69,0
-0.4376022219657898,-0.8521026372909546,0.090093620121479,7.000022888183594,0.1705547273159027,78.77001953125,29.69,0
-0.4431633651256561,-0.8267191648483276,0.0690124481916427,4.155449390411377,0.1705089658498764,78.77001190185547,29.69,0
-0.4467321932315826,-0.8104295134544373,0.0610815398395061,1.2838540077209473,0.1704795956611633,78.77000427246094,29.69,0
-0.4434247016906738,-0.7943779826164246,0.0615897141396999,-1.6982297897338867,0.1704607456922531,78.77000427246094,29.69,0
-0.4413021206855774,-0.7784792184829712,0.067513607442379,-5.514307022094727,0.1709079444408416,78.77000427246094,29.69,0
-0.451135516166687,-0.7626785635948181,0.0881085395812988,-10.80781078338623,0.171194925904274,78.77000427246094,29.69,0
-0.4630438089370727,-0.7581363916397095,0.112520731985569,-16.153797149658203,0.1713791042566299,78.77000427246094,29.69,0
-0.4706858694553375,-0.7664170265197754,0.1281870752573013,-19.125974655151367,0.1714972853660583,78.77000427246094,29.69,0
-0.4811878800392151,-0.7997199296951294,0.1550341546535492,-20.180694580078125,0.171573132276535,78.77000427246094,29.69,0
-0.4879274666309356,-0.8322873711585999,0.1722630709409713,-22.484041213989254,0.1716218143701553,78.77000427246094,29.69,0
-0.4866547584533691,-0.8531872630119324,0.1945151388645172,-26.473583221435547,0.1716530472040176,78.77000427246094,29.69,0
-0.4802402555942535,-0.9505662322044371,0.1975996941328048,-27.61155891418457,0.1716730892658233,78.77000427246094,29.69,0
-0.4649282395839691,-1.0410473346710205,0.1883836239576339,-21.16952896118164,0.1716859489679336,78.73776245117188,29.69,0
-0.455101877450943,-1.1103084087371826,0.1824692785739898,-7.441268920898437,0.171694204211235,78.71707153320312,29.69,0
-0.448795884847641,-1.098778486251831,0.1786738038063049,8.422830581665039,0.17169950902462,78.70378875732422,29.69,0
-0.4447490572929382,-0.9794237017631532,0.1650425344705581,21.104135513305664,0.1717029064893722,78.69526672363281,29.69,0
-0.4533475637435913,-0.9588064551353456,0.1562947630882263,29.84772109985352,0.1717050969600677,78.6897964477539,29.69,0
-0.447670042514801,-0.9567710161209106,0.1562787294387817,37.95948791503906,0.1717064976692199,78.68628692626953,29.69,0
-0.4160376787185669,-0.9218781590461732,0.1674639880657196,47.134647369384766,0.1717073917388916,78.68403625488281,29.69,0
-0.4013356268405914,-0.8658992648124695,0.1746420413255691,54.92508316040039,0.1717079728841781,78.68258666992188,29.69,0
-0.4142917990684509,-0.8019863963127136,0.1624551862478256,58.80319213867188,0.171708345413208,78.6816635131836,29.69,0
-0.4226063191890716,-0.777764081954956,0.1546343564987182,59.034915924072266,0.1717085838317871,78.68106842041016,29.69,0
-0.4167465567588806,-0.7958062887191772,0.1608109474182129,56.68656921386719,0.171708732843399,78.6806869506836,29.69,0
-0.4129860997200012,-0.8465691208839417,0.1703725010156631,52.73979949951172,0.1717088222503662,78.6804428100586,29.69,0
-0.4161706268787384,-0.8735480308532715,0.1765085607767105,48.8850212097168,0.171708881855011,78.68028259277344,29.69,0
-0.4350075721740722,-0.8684704303741455,0.1804463267326355,45.86669158935547,0.1717089265584945,78.68018341064453,29.69,0
-0.4414982795715332,-0.8540163636207581,0.1885711401700973,42.88717269897461,0.1717089563608169,78.68011474609375,29.69,0
-0.4344680905342102,-0.850338339805603,0.2049807161092758,40.20125198364258,0.1717089712619781,78.6800765991211,29.69,0
-0.4411520659923553,-0.8759669065475464,0.2211092114448547,38.85375595092773,0.1717089861631393,78.68004608154297,29.65,0
-0.4510392248630523,-0.9148049354553224,0.2370573282241821,37.49103164672852,0.1717089861631393,78.6800308227539,29.65,0
-0.4685797989368438,-0.984511137008667,0.2416941374540329,32.86197280883789,0.1717089861631393,78.68002319335938,29.65,0
-0.4854340851306915,-1.0516356229782104,0.2334742248058319,23.435508728027344,0.1717089861631393,78.68001556396484,29.65,0
-0.5242390632629395,-1.1171033382415771,0.233796939253807,10.758382797241213,0.1717089861631393,78.68000793457031,29.65,0
-0.5491418838500977,-1.097541332244873,0.2172107100486755,-1.6260015964508057,0.1717089861631393,78.68000793457031,29.65,0
-0.5427320003509521,-1.0402053594589231,0.2009688466787338,-9.96408748626709,0.1717089861631393,78.68000793457031,29.65,0
-0.5162273645401001,-0.9866170883178712,0.184947982430458,-12.37011432647705,0.1717089861631393,78.68000793457031,29.65,0
-0.5160115361213684,-0.9690205454826356,0.1746667176485061,-9.958999633789062,0.1717089861631393,78.68000793457031,29.65,0
-0.4990797340869903,-0.96332585811615,0.1568732410669326,-6.054350852966309,0.1717089861631393,78.68000793457031,29.65,0
-0.4602250158786773,-0.91488915681839,0.1398566365242004,-4.36539888381958,0.1717089861631393,78.68000793457031,29.65,0
-0.4408880472183227,-0.8782074451446533,0.1177408099174499,-6.348211288452148,0.1717089861631393,78.68000793457031,29.65,0
-0.4340764880180359,-0.8490694761276245,0.0923525989055633,-9.612578392028809,0.1717089861631393,78.68000793457031,29.65,0
-0.4297052025794983,-0.8303704261779785,0.070462130010128,-10.632688522338867,0.1717089861631393,78.68000793457031,29.65,0
-0.404508888721466,-0.8071748614311218,0.0620118640363216,-9.14137363433838,0.1717089861631393,78.68000793457031,29.65,0
-0.3883393406867981,-0.7810937762260437,0.0509911924600601,-7.485731601715088,0.1717089861631393,78.68000793457031,29.65,0
-0.3835604190826416,-0.7643564343452454,0.0495165362954139,-6.258437156677246,0.1717089861631393,78.63701629638672,29.65,0
-0.3804935812950134,-0.7592131495475769,0.0597657337784767,-4.113034248352051,0.1717089861631393,78.60942077636719,29.65,0
-0.3785254657268524,-0.7727057933807373,0.0663430765271186,-1.1240789890289309,0.1717089861631393,78.59171295166016,29.65,0
-0.3716646730899811,-0.7981579303741455,0.0873573645949363,1.0627535581588743,0.1717089861631393,78.58035278320312,29.65,0
-0.3728595674037933,-0.8368827104568481,0.1120386719703674,2.000401973724365,0.1717089861631393,78.57305908203125,29.65,0
-0.3736263811588287,-0.8729296326637268,0.1278777122497558,2.906649589538574,0.1717089861631393,78.5683822631836,29.65,0
-0.3741184771060943,-0.9744312763214112,0.1380423009395599,4.326550006866455,0.1717089861631393,78.56537628173828,29.65,0
-0.3744342923164367,-1.050764799118042,0.1501631140708923,4.9260759353637695,0.1717089861631393,78.56344604492188,29.65,0
-0.4082235991954803,-1.0885556936264038,0.1803326606750488,2.9212393760681152,0.1707907766103744,78.56221008300781,29.65,0
-0.4187120795249939,-1.0120477676391602,0.1996937394142151,-2.005246162414551,0.1702015250921249,78.56141662597656,29.65,0
-0.414247453212738,-0.9741449356079102,0.2065207958221435,-7.484706878662109,0.1698233783245086,78.56090545654297,29.65,0
-0.4393711686134338,-0.9722121357917786,0.2053042203187942,-8.933963775634766,0.1695806980133056,78.56057739257812,29.65,0
-0.4610919058322906,-0.9597762227058412,0.2101212739944458,-3.816625595092773,0.1694249659776687,78.56037139892578,29.65,0
-0.4526399374008178,-0.8958178758621216,0.2132125794887542,3.974267482757568,0.1693250238895416,78.56023406982422,29.65,0
-0.4528137147426605,-0.8491752743721008,0.2207941710948944,7.824007511138916,0.1692608892917633,78.56015014648438,29.65,0
-0.4697185456752777,-0.8304383158683777,0.2200618386268615,6.994997024536133,0.1692197322845459,78.56009674072266,29.65,0
-0.4861648678779602,-0.818414032459259,0.2139940857887268,6.882146835327148,0.1710297465324401,78.56005859375,29.59,0
-0.4967191815376282,-0.821893036365509,0.2156979292631149,10.1845121383667,0.1721913069486618,78.5600357055664,29.59,0
-0.5034923553466797,-0.8465167880058289,0.2279869019985199,13.245997428894045,0.172936737537384,78.56002044677734,29.59,0
-0.5078389644622803,-0.8399277925491333,0.2246777117252349,12.677802085876465,0.1734151095151901,78.56001281738281,29.59,0
-0.5050305724143982,-0.8356993794441223,0.2281518429517746,10.507548332214355,0.1737221032381057,78.56000518798828,29.59,0
-0.5032283067703247,-0.8497791290283203,0.2359791100025177,10.357958793640137,0.1739191114902496,78.56000518798828,29.59,0
-0.502071738243103,-0.8756080269813538,0.2465999722480774,12.676616668701172,0.1740455329418182,78.56000518798828,29.59,0
-0.5013295412063599,-0.9145746231079102,0.2534158229827881,16.06336212158203,0.1741266697645187,78.56000518798828,29.59,0
-0.4952554404735565,-0.9395811557769777,0.2465943098068237,19.38320541381836,0.1732605248689651,78.56000518798828,29.59,0
-0.5081507563591003,-0.9892155528068542,0.2366188764572143,20.947643280029297,0.1727046817541122,78.56000518798828,29.59,0
-0.5444151163101196,-1.0378613471984863,0.224619448184967,19.02464485168457,0.1723479777574539,78.56000518798828,29.59,0
-0.5788830518722534,-1.057883858680725,0.2225166708230972,13.702856063842772,0.172119066119194,78.56000518798828,29.59,0
-0.5842092633247375,-0.9923643469810486,0.2099716812372207,6.389795780181885,0.1719721555709839,78.56000518798828,29.59,0
-0.5652362108230591,-1.0454798936843872,0.2019210308790207,-1.0260629653930664,0.1718778759241104,78.56000518798828,29.59,0
-0.5418648719787598,-1.1019574403762815,0.196754589676857,-5.978592872619629,0.1718173772096634,78.56000518798828,29.59,0
-0.487682044506073,-1.0878214836120603,0.1878412812948227,-7.07178258895874,0.1717785447835922,78.56000518798828,29.59,0
-0.4473128616809845,-1.0395654439926147,0.1653279215097427,-6.211325645446777,0.1731307655572891,78.53134155273438,29.59,0
-0.4214062392711639,-0.9806086421012878,0.1284890472888946,-6.321910381317139,0.173998549580574,78.51294708251953,29.59,0
-0.4047808647155761,-0.9315779805183412,0.0880546495318412,-7.847403049468994,0.1745554357767105,78.50114440917969,29.59,0
-0.3941116333007812,-0.8945151567459106,0.0565084069967269,-9.39600658416748,0.1749128252267837,78.49356842041016,29.59,0
-0.3704714179039001,-0.8651326298713684,0.0418616160750389,-10.37189769744873,0.1751421689987182,78.48870849609375,29.59,0
-0.3385071754455566,-0.8238855004310608,0.0324621498584747,-11.102063179016112,0.1752893477678299,78.48558807373047,29.59,0
-0.3291898965835571,-0.7918176651000977,0.0320278890430927,-11.172975540161133,0.1753838062286377,78.48358917236328,29.59,0
-0.3288083970546722,-0.771238386631012,0.0429447516798973,-9.55258560180664,0.1754444241523742,78.48230743408203,29.59,0
-0.3285635709762573,-0.7692273259162903,0.0555483400821685,-6.413322925567627,0.1750243902206421,78.48148345947266,29.59,0
-0.3284064531326294,-0.7791323065757751,0.0748321488499641,-3.184231758117676,0.1747548431158065,78.48094940185547,29.59,0
-0.3339034020900726,-0.7966843247413635,0.1040007099509239,-0.6784953474998474,0.1745818555355072,78.4806137084961,29.59,0
-0.3486265838146209,-0.8975125551223755,0.1227194145321846,1.4812586307525637,0.174470841884613,78.48039245605469,29.59,0
-0.3524772822856903,-1.0237938165664673,0.1515253186225891,3.877550840377808,0.1743995994329452,78.48025512695312,29.59,0
-0.371741771697998,-1.093638300895691,0.1980001628398895,6.350405216217041,0.1743538826704025,78.48016357421875,29.59,0
-0.3897023797035217,-1.020907282829285,0.2390206009149551,7.349798679351807,0.1743245422840118,78.4801025390625,29.59,0
-0.3844351470470428,-0.9742326736450196,0.2429540604352951,4.6951823234558105,0.174305722117424,78.48006439208984,29.59,0
-0.3922504782676697,-1.0114529132843018,0.2398805469274521,-1.601259469985962,0.1752115041017532,78.48004150390625,29.61,0
-0.4140592217445373,-0.996154248714447,0.2379081398248672,-8.013618469238281,0.175792783498764,78.48002624511719,29.61,0
-0.4280548393726349,-0.9471520781517028,0.2254468202590942,-10.65626335144043,0.1761658042669296,78.48001861572266,29.61,0
-0.448231965303421,-0.8821186423301697,0.2062543034553527,-9.360709190368652,0.1764051914215088,78.48001098632812,29.61,0
-0.4611804783344269,-0.8347861170768738,0.1995354294776916,-7.02461576461792,0.1765588223934173,78.48001098632812,29.61,0
-0.4638923108577728,-0.8044108748435974,0.1952236443758011,-5.475289344787598,0.1766574084758758,78.48001098632812,29.61,0
-0.4600348472595215,-0.8073088526725769,0.2036521434783935,-3.968712568283081,0.1767206788063049,78.48001098632812,29.61,0
-0.4575593471527099,-0.8147664070129395,0.2090610712766647,-1.4112147092819214,0.1767612844705581,78.48001098632812,29.61,0
-0.4727640450000763,-0.8307477831840515,0.2125322073698043,1.9568414688110352,0.1763284057378769,78.48001098632812,29.61,0
-0.4825215339660644,-0.8410037159919739,0.2147597819566726,5.332759380340576,0.17605060338974,78.48001098632812,29.61,0
-0.4887833297252655,-0.8531831502914429,0.2273848503828048,8.606245040893555,0.1758723258972168,78.48001098632812,29.61,0
-0.498399555683136,-0.8889880776405334,0.2298891246318817,12.394372940063477,0.1757579296827316,78.48001098632812,29.61,0
-0.504570722579956,-0.9231611490249634,0.2314962297677993,16.853113174438477,0.1756845116615295,78.48001098632812,29.61,0
-0.5141288042068481,-0.9338959455490112,0.2381253391504287,20.63878059387207,0.1756373941898346,78.48001098632812,29.61,0
-0.5146648287773132,-0.946382701396942,0.2311839759349823,22.02567481994629,0.1756071597337722,78.48001098632812,29.61,0
-0.5373998880386353,-0.9655914902687072,0.2211316376924514,20.801982879638672,0.1755877584218979,78.48001098632812,29.61,0
-0.5687832832336426,-1.01710307598114,0.2202783972024917,17.813404083251953,0.176952451467514,78.57315063476562,29.61,0
-0.5833255648612976,-1.0389646291732788,0.2141330689191818,13.204992294311523,0.17782823741436,78.63292694091797,29.61,0
-0.5702669024467468,-1.030603051185608,0.2101893424987793,7.080582141876221,0.1783902645111084,78.6712875366211,29.61,0
-0.5394954681396484,-1.0308347940444946,0.196462944149971,1.0043251514434814,0.1787509322166443,78.6958999633789,29.61,0
-0.4917592704296112,-1.030983567237854,0.1764585822820663,-3.822953701019287,0.1789823919534683,78.71170043945312,29.61,0
-0.4555271565914154,-0.9695035219192504,0.1524253785610199,-9.038125038146973,0.1791309267282486,78.72183990478516,29.61,0
-0.4266777038574219,-0.907658040523529,0.1258067041635513,-16.386659622192383,0.1792262494564056,78.72834777832031,29.61,0
-0.3913704454898834,-0.8567736148834229,0.0975288227200508,-23.388208389282227,0.1792874187231063,78.7325210571289,29.61,0
-0.3687122762203216,-0.8241189122200012,0.0793817043304443,-25.155059814453125,0.1797859668731689,78.73519897460938,29.61,0
-0.3541715741157532,-0.8143585920333862,0.0677359327673912,-20.091068267822266,0.1801058948040008,78.7369155883789,29.61,0
-0.3392424285411834,-0.7745082974433899,0.0546645708382129,-11.402939796447754,0.1803112179040908,78.73802185058594,29.61,0
-0.3352595269680023,-0.7489346861839294,0.0462761223316192,-3.29451847076416,0.1804429739713668,78.73873138427734,29.61,0
-0.349496841430664,-0.7437185645103455,0.0464906729757785,2.994520902633667,0.1805275231599807,78.73918151855469,29.61,0
-0.3586335480213165,-0.7683600187301636,0.0578239113092422,8.961472511291504,0.1805817931890487,78.73947143554688,29.61,0
-0.3644969463348388,-0.7841734886169434,0.0706947073340416,15.345094680786133,0.1806166172027588,78.73966217041016,29.61,0
-0.3794552981853485,-0.8447016477584839,0.1069433093070983,20.9464168548584,0.1806389689445495,78.73978424072266,29.61,0
-0.3834569156169891,-0.9283273220062256,0.1246078014373779,25.121400833129883,0.1824893802404403,78.73986053466797,29.61,0
-0.3804271519184112,-1.0659600496292114,0.1303460896015167,27.994123458862305,0.1836768686771392,78.73990631103516,29.61,0
-0.3840806186199188,-1.1822737455368042,0.1452241390943527,28.51211929321289,0.1844389289617538,78.73993682861328,29.61,0
-0.4200118482112884,-1.144961714744568,0.1603697836399078,25.61663818359375,0.1849279701709747,78.73995971679688,29.61,0
-0.4486682116985321,-1.0202569961547852,0.1588938385248184,19.36983108520508,0.1852418184280395,78.73997497558594,29.61,0
-0.4670582115650177,-0.9962064623832704,0.146751120686531,9.431827545166016,0.1854432225227356,78.73998260498047,29.61,0
-0.4564687609672546,-0.9807721972465516,0.150154173374176,-2.882139205932617,0.185572475194931,78.739990234375,29.61,0
-0.4384775161743164,-0.9540740847587584,0.1691313683986663,-11.80915069580078,0.185655415058136,78.739990234375,29.61,0
-0.4213339984416961,-0.8585718870162964,0.1757120639085769,-13.407283782958984,0.1847904324531555,78.739990234375,29.61,0
-0.4271256029605865,-0.7804907560348511,0.1743374019861221,-11.745942115783691,0.1842353343963623,78.739990234375,29.61,0
-0.4364400804042816,-0.7471761107444763,0.1790530085563659,-12.04474925994873,0.1838791072368621,78.739990234375,29.61,0
-0.4312220215797424,-0.7817744612693787,0.1876769810914993,-12.759562492370604,0.1836504936218261,78.739990234375,29.61,0
-0.4222756028175354,-0.8207709789276123,0.1988091319799423,-10.26266384124756,0.1835037916898727,78.739990234375,29.61,0
-0.4221320748329162,-0.8681877851486206,0.2115508764982223,-5.597196102142334,0.18340964615345,78.739990234375,29.61,0
-0.4332355260848999,-0.8650305271148682,0.2085322439670562,-1.832913517951965,0.1833492219448089,78.739990234375,29.61,0
-0.4459588527679443,-0.8630043864250183,0.2121928334236145,0.6472725868225098,0.1833104491233825,78.739990234375,29.61,0
-0.4373306334018707,-0.9120841026306152,0.2145419865846634,2.912437438964844,0.1851219981908798,78.8546371459961,29.61,0
-0.4261957705020904,-0.9603739380836488,0.2160495370626449,4.631200313568115,0.1862845420837402,78.92820739746094,29.61,0
-0.4246478080749511,-1.0025591850280762,0.2114192247390747,5.092922687530518,0.1870305985212326,78.97542572021484,29.61,0
-0.4516432881355285,-1.035228967666626,0.1972522139549255,5.102623462677002,0.1875093728303909,79.00572204589844,29.61,0
-0.4857607781887054,-1.050596833229065,0.188160628080368,5.656982898712158,0.1878166198730468,79.0251693725586,29.61,0
-0.5020576119422913,-1.0492634773254397,0.1823261827230453,5.980495452880859,0.1880137920379638,79.03764343261719,29.61,0
-0.4957226812839508,-1.014821171760559,0.1729841977357864,4.783737659454346,0.188140332698822,79.045654296875,29.61,0
-0.4860595166683197,-1.0095113515853882,0.1613912731409073,2.1563708782196045,0.1882215291261673,79.05079650878906,29.61,0
-0.479858249425888,-1.0228971242904663,0.1483538299798965,-1.1920371055603027,0.1873554289340973,79.05409240722656,29.61,0
-0.4646830856800079,-0.9979007244110109,0.1343893706798553,-4.992420196533203,0.1867996156215667,79.05620574951172,29.61,0
-0.4381512105464935,-0.9370772838592528,0.1198300123214721,-8.685188293457031,0.1864429265260696,79.05756378173828,29.61,0
-0.4267223477363586,-0.8924465179443359,0.104888878762722,-11.291444778442385,0.1862140297889709,79.05843353271484,29.61,0
-0.4081924259662628,-0.8526095151901245,0.0841049700975418,-12.627227783203123,0.186067134141922,79.05899047851562,29.61,0
-0.3851054310798645,-0.8158488869667053,0.0651692748069763,-13.15127658843994,0.1859728693962097,79.0593490600586,29.61,0
-0.3646917641162872,-0.7866602540016174,0.0530174374580383,-12.760318756103516,0.1859123706817627,79.05957794189453,29.61,0
-0.3627869784832001,-0.7623308897018433,0.0452190898358821,-11.34150505065918,0.1858735382556915,79.05973052978516,29.61,0
-0.3615646064281463,-0.7579132318496704,0.0402145572006702,-9.700146675109863,0.1904393434524536,79.05982971191406,29.59,0
-0.3719757199287414,-0.7886648774147034,0.0537962615489959,-8.012701034545898,0.1933694034814834,79.05989074707031,29.59,0
-0.3842547535896301,-0.8251928687095642,0.0737077668309211,-4.801745891571045,0.1952497512102127,79.05992889404297,29.59,0
-0.386536955833435,-0.8486344218254089,0.0920835956931114,0.3792840540409088,0.1964564472436905,79.05995178222656,29.59,0
-0.3712081909179687,-0.902862310409546,0.1094739213585853,5.323494911193848,0.1972308307886123,79.05996704101562,29.59,0
-0.3725666403770447,-0.9712492823600768,0.1262318044900894,8.3316068649292,0.1977277994155883,79.05997467041016,29.59,0
-0.4014272689819336,-1.0151361227035522,0.142583817243576,10.272787094116213,0.1980467140674591,79.05998229980469,29.59,0
-0.4255461394786834,-1.0153112411499023,0.1866642534732818,12.202796936035156,0.1982513815164566,79.05998992919922,29.59,0
-0.4298287034034729,-0.9762392044067384,0.2205503135919571,13.387627601623535,0.1970055848360061,79.05998992919922,29.59,0
-0.4157836735248565,-0.9511650204658508,0.2143075615167617,11.81930923461914,0.1962061077356338,79.05998992919922,29.59,0
-0.4123681485652923,-0.9854538440704346,0.210301324725151,5.850985527038574,0.1956930458545684,79.05998992919922,29.59,0
-0.4213718175888061,-0.9738717675209044,0.230121448636055,-3.012659788131714,0.1953637897968292,79.05998992919922,29.59,0
-0.4159543216228485,-0.893667995929718,0.220449760556221,-9.446012496948242,0.1951524913311004,79.05998992919922,29.59,0
-0.4068799018859863,-0.8366000652313232,0.2198408097028732,-9.476101875305176,0.1950168907642364,79.05998992919922,29.59,0
-0.4234475493431091,-0.8167704939842224,0.2194500118494033,-5.34320592880249,0.1949298679828643,79.05998992919922,29.59,0
-0.4228841662406921,-0.8096427917480469,0.2247969955205917,-1.9314454793930051,0.194874033331871,79.05998992919922,29.59,0
-0.4169248640537262,-0.8050686120986938,0.239423930644989,-0.143222376704216,0.1962153315544128,79.16747283935547,29.59,0
-0.4298938512802124,-0.813328742980957,0.2432128936052322,2.838635206222534,0.1970760971307754,79.2364501953125,29.59,0
-0.4494121372699737,-0.8242273926734924,0.2512421905994415,7.962206840515137,0.1976284980773925,79.28071594238281,29.59,0
-0.4507423043251037,-0.8144282102584839,0.2619927227497101,12.364401817321776,0.1979829967021942,79.30912017822266,29.59,0
-0.4515959322452545,-0.8193351626396179,0.2632940113544464,13.244138717651367,0.1982104927301406,79.32734680175781,29.59,0
-0.4745348393917084,-0.8728641867637634,0.2697268724441528,11.293734550476074,0.1983564794063568,79.33904266357422,29.59,0
-0.4780601561069488,-0.901618242263794,0.2570618093013763,9.54051685333252,0.1984501630067825,79.34654998779297,29.59,0
-0.4859202802181244,-0.9424620270729064,0.2489340901374817,9.995319366455078,0.1985102891921997,79.35137176513672,29.59,0
-0.5245510935783386,-0.9966620802879332,0.2325226366519928,12.024733543395996,0.1976306587457656,79.35446166992188,29.59,0
-0.5661354660987854,-1.0650311708450315,0.221990704536438,13.291269302368164,0.1970661580562591,79.3564453125,29.59,0
-0.5704308152198792,-1.058526635169983,0.2152319252490997,11.7861328125,0.1967038959264755,79.35771942138672,29.59,0
-0.5507962107658386,-1.0431567430496216,0.1996989846229553,7.262725353240967,0.1964714229106903,79.35853576660156,29.59,0
-0.5437936186790466,-1.0556843280792236,0.1841330528259277,1.268100023269653,0.1963222324848175,79.35906219482422,29.59,0
-0.5169086456298828,-1.063723921775818,0.162948191165924,-3.743242502212525,0.196226492524147,79.3593978881836,29.59,0
-0.482862114906311,-1.0408943891525269,0.1437551975250244,-5.866548538208008,0.1961650550365448,79.35961151123047,29.59,0
-0.4386219084262848,-0.9702659249305724,0.1146449074149131,-5.617004871368408,0.1961256265640258,79.35974884033203,29.59,0
-0.4102311134338379,-0.913745105266571,0.0791702792048454,-5.614495277404785,0.1970185339450836,79.3598403930664,29.63,0
-0.3864137530326843,-0.871875524520874,0.0564047023653984,-6.913359642028809,0.197591558098793,79.35990142822266,29.63,0
-0.3711291551589966,-0.8450060486793518,0.0361972898244857,-7.367143154144287,0.1979592889547348,79.35993957519531,29.63,0
-0.3501248061656952,-0.8221649527549744,0.0232293363660573,-5.333263874053955,0.1981952786445617,79.3599624633789,29.63,0
-0.3310476541519165,-0.8075068593025208,0.0261027999222278,-2.27615737915039,0.1983467191457748,79.35997772216797,29.63,0
-0.3300005793571472,-0.7925023436546326,0.0335445962846279,0.0368097610771656,0.1984439045190811,79.3599853515625,29.63,0
-0.334926426410675,-0.7940688729286194,0.0439180880784988,2.008369207382202,0.1985062807798385,79.35999298095703,29.63,0
-0.3436852991580963,-0.8174653053283691,0.0617707483470439,4.355540752410889,0.1985463052988052,79.35999298095703,29.63,0
-0.3493062555789947,-0.8380775451660156,0.0732275545597076,6.044531345367432,0.1981130689382553,79.35999298095703,29.63,0
-0.3641090095043182,-0.8960874676704407,0.0973732024431228,5.853031635284424,0.1978350430727005,79.35999298095703,29.63,0
-0.3736085593700409,-1.0004881620407104,0.1016729399561882,5.121099948883057,0.1976566165685653,79.35999298095703,29.63,0
-0.3964981436729431,-1.0562909841537476,0.1212255880236625,6.507162570953369,0.1975421160459518,79.35999298095703,29.63,0
-0.4279806911945343,-0.9913421273231506,0.1617622226476669,9.625020027160645,0.1974686384201049,79.35999298095703,29.63,0
-0.4369888305664062,-0.9328683614730836,0.1821785271167755,10.86279296875,0.1974214762449264,79.35999298095703,29.63,0
-0.4595630466938019,-0.9681143164634703,0.1952805370092392,8.268007278442383,0.1973912119865417,79.35999298095703,29.63,0
-0.4628543555736542,-0.9683420658111572,0.2204819768667221,3.668694257736206,0.1973717957735061,79.35999298095703,29.63,0
-0.4593687355518341,-0.9460971355438232,0.2310570329427719,-0.063881829380989,0.1973593235015869,79.47463989257812,29.63,0
-0.4627296328544616,-0.8870394229888916,0.2210501730442047,-1.3486357927322388,0.1973513215780258,79.54821014404297,29.63,0
-0.4704842567443847,-0.860335111618042,0.2090305685997009,-0.7042609453201294,0.1973461955785751,79.59542846679688,29.63,0
-0.4698629379272461,-0.8543933629989624,0.201317086815834,-0.3516420423984527,0.1973429024219513,79.62572479248047,29.63,0
-0.4638664424419403,-0.8449825048446655,0.196367010474205,-1.3505923748016355,0.1973407864570617,79.64517211914062,29.63,0
-0.4600182473659515,-0.8445409536361694,0.193190336227417,-1.8232802152633667,0.1973394304513931,79.65764617919922,29.63,0
-0.4687442481517792,-0.8666486740112305,0.185553953051567,-0.1060513630509376,0.1973385661840438,79.66565704345703,29.63,0
-0.4743440747261047,-0.8976294994354248,0.1806533634662628,2.3215203285217285,0.1973379999399185,79.6707992553711,29.63,0
-0.4611444175243377,-0.92310893535614,0.171910673379898,3.2094545364379883,0.1955012083053589,79.6740951538086,29.63,0
-0.4526736140251159,-0.9618512988090516,0.1495067924261093,2.7331674098968506,0.1943224668502807,79.67620849609375,29.63,0
-0.4472375512123108,-0.9755183458328248,0.1351292729377746,2.302123546600342,0.1935660243034362,79.67756652832031,29.63,0
-0.4269556701183319,-0.950702428817749,0.1203048378229141,1.971765756607056,0.1930805742740631,79.67843627929688,29.63,0
-0.4139399230480194,-0.9123859405517578,0.105193592607975,1.0468287467956543,0.1927690505981445,79.67899322509766,29.63,0
-0.4055871665477752,-0.898992121219635,0.0898982882499694,-0.1056245043873786,0.1925691217184066,79.67935180664062,29.63,0
-0.4002268612384796,-0.9127878546714784,0.0856804177165031,-1.1425564289093018,0.1924408227205276,79.67958068847656,29.63,0
-0.3967869281768799,-0.9160434007644652,0.0829736292362213,-3.248194932937622,0.1923584938049316,79.67973327636719,29.63,0
-0.3889816105365753,-0.9013392925262452,0.0924321189522743,-7.2183356285095215,0.1923056542873382,79.6798324584961,29.61,0
-0.3895703554153442,-0.8919030427932739,0.0985020324587822,-11.460700988769531,0.192271739244461,79.67989349365234,29.61,0
-0.3955459594726562,-0.8802496194839478,0.1079951301217079,-13.738967895507812,0.192249983549118,79.679931640625,29.61,0
-0.3993807733058929,-0.8839666843414307,0.1140872538089752,-13.843232154846191,0.1922360211610794,79.6799545288086,29.61,0
-0.4130372703075409,-0.9031453728675842,0.1179968267679214,-13.17929744720459,0.1922270506620407,79.67996978759766,29.61,0
-0.4385945498943329,-0.9154531955718994,0.1205057650804519,-12.509607315063477,0.1922212988138198,79.67997741699219,29.61,0
-0.4549957513809204,-0.912156105041504,0.1333114057779312,-11.037309646606444,0.1922176033258438,79.67998504638672,29.61,0
-0.4599233269691467,-0.8988446593284607,0.1415293365716934,-7.656322002410889,0.192215234041214,79.67999267578125,29.61,0
-0.4686833322048187,-0.8958998918533325,0.1524008959531784,-2.6886074542999268,0.1922137141227722,79.67999267578125,29.61,0
-0.4799027740955353,-0.8940101265907288,0.159377634525299,2.333664655685425,0.1922127455472946,79.67999267578125,29.61,0
-0.487102746963501,-0.8927973508834839,0.1582571417093277,6.66368579864502,0.1922121196985244,79.67999267578125,29.61,0
-0.4917232990264892,-0.8864213228225708,0.1575380712747573,10.76799774169922,0.1922117173671722,79.67999267578125,29.61,0
-0.494688481092453,-0.882329523563385,0.1514788419008255,14.52325439453125,0.1922114640474319,79.67999267578125,29.61,0
-0.4909935891628265,-0.8797036409378052,0.1531881392002105,16.92957878112793,0.1922113001346588,79.67999267578125,29.61,0
-0.4886224269866943,-0.8892140984535217,0.1486873030662536,18.008085250854492,0.1922111958265304,79.67999267578125,29.61,0
-0.4815029799938202,-0.889719545841217,0.145798921585083,18.94024085998535,0.1922111213207245,79.67999267578125,29.61,0
-0.4769341349601745,-0.8900439143180847,0.1383475512266159,19.746234893798828,0.1958839297294616,79.79463958740234,29.61,0
-0.4572087824344635,-0.895849883556366,0.1335656940937042,18.787452697753903,0.1982409358024597,79.86820983886719,29.61,0
-0.4445501863956451,-0.8939780592918396,0.1360947489738464,14.983670234680176,0.1997535228729248,79.9154281616211,29.61,0
-0.4364266395568847,-0.903972327709198,0.1265221983194351,9.124844551086426,0.2007242143154144,79.94572448730469,29.61,0
-0.4312134087085724,-0.910386085510254,0.1203790828585624,3.2727630138397217,0.201347142457962,79.96517181396484,29.61,0
-0.4222700893878937,-0.9089043140411376,0.1164367869496345,-0.5257570743560791,0.2017469108104705,79.97764587402344,29.61,0
-0.4109329879283905,-0.9079533815383912,0.1195046231150627,-1.924481511116028,0.2020034492015838,79.98565673828125,29.61,0
-0.4036574959754944,-0.9073431491851808,0.1214733868837356,-2.775529146194458,0.2021680921316146,79.99079895019531,29.61,0
-0.3989885151386261,-0.9069515466690063,0.122736819088459,-4.812034130096436,0.2091598063707351,79.99409484863281,29.61,0
-0.4015899896621704,-0.9067001938819884,0.1235476210713386,-7.40867280960083,0.2136466950178146,79.99620819091797,29.61,0
-0.4032594859600067,-0.9065389037132264,0.124067947268486,-8.960403442382812,0.2165261209011078,79.99756622314453,29.61,0
-0.4099286198616028,-0.9064354300498962,0.1299996376037597,-9.340012550354004,0.2183739691972732,79.9984359741211,29.61,0
-0.4142085015773773,-0.9063689708709716,0.1338062584400177,-9.58720588684082,0.2195598036050796,79.99899291992188,29.61,0
-0.4169550836086273,-0.9063263535499572,0.1362491250038147,-10.100515365600586,0.2203208059072494,79.99935150146484,29.61,0
-0.4243154525756836,-0.9062989950180054,0.1322190463542938,-10.49799633026123,0.2208091765642166,79.99958038330078,29.61,0
-0.4234411418437958,-0.9006836414337158,0.135230541229248,-10.699338912963867,0.2211225926876068,79.9997329711914,29.61,0
-0.4340755939483642,-0.902677834033966,0.1371631473302841,-10.968268394470217,0.2227008640766143,79.99983215332031,29.61,0
-0.4297046363353729,-0.8983598351478577,0.1384033858776092,-11.219669342041016,0.2237137109041214,79.99989318847656,29.61,0
-0.4604862630367279,-0.9123820662498474,0.1112104207277298,-10.990503311157228,0.224363699555397,79.99993133544922,29.61,0
-0.4522512555122375,-0.9157829880714417,0.1161506399512291,-9.686264991760254,0.2247808128595352,79.99995422363281,29.61,0
-0.4525642693042755,-0.9067699313163756,0.1025276705622673,-6.8824462890625,0.2250484973192215,79.99996948242188,29.61,0
-0.4639607071876526,-0.928974747657776,0.0769919082522392,-3.037466049194336,0.2252202779054641,79.9999771118164,29.61,0
-0.4376876354217529,-0.8872467875480652,0.0829956233501434,0.4510547220706939,0.2253305166959762,79.99998474121094,29.61,0
-0.4432182013988495,-0.9220436811447144,0.0924462378025055,2.5751442909240723,0.2254012674093246,79.99999237060547,29.61,0
-0.3907896280288696,-0.8883966207504272,0.1264999657869339,3.51910138130188,0.2254466712474823,79.99999237060547,29.61,0
-0.3907306492328644,-0.883597195148468,0.1483536958694458,4.121295928955078,0.2254758030176162,79.99999237060547,29.61,0
-0.3962905704975128,-0.8805171847343445,0.1623781621456146,5.267255783081055,0.2254945039749145,79.99999237060547,29.61,0
-0.4222497045993805,-0.8953339457511902,0.160182699561119,7.0022053718566895,0.2255064994096756,79.99999237060547,29.61,0
-0.4221154749393463,-0.8992447257041931,0.1587737798690796,7.832572937011719,0.2255142033100128,79.99999237060547,29.61,0
-0.4276270866394043,-0.9017544388771056,0.1466740667819976,6.233822345733643,0.2255191504955291,79.99999237060547,29.61,0
-0.4255663454532623,-0.8977672457695007,0.1389091610908508,2.9579787254333496,0.2255223244428634,79.99999237060547,29.61,0
-0.4242438971996307,-0.9008062481880188,0.1339260935783386,0.1678764820098877,0.2255243510007858,79.99999237060547,29.61,0
-0.4233952164649963,-0.9027565121650696,0.1251304745674133,-1.2536453008651731,0.2342481464147567,80.0931396484375,29.61,0
-0.428448349237442,-0.9040080904960632,0.1194859594106674,-2.158730983734131,0.2398465871810913,80.15291595458984,29.61,0
-0.4260933995246887,-0.9048112630844116,0.1214614063501358,-3.3629310131073,0.2434393465518951,80.1912841796875,29.61,0
-0.4301798939704895,-0.9053267240524292,0.1227291375398635,-4.382915019989014,0.2457449734210968,80.21590423583984,29.61,0
-0.4328023791313171,-0.900059700012207,0.1179449185729026,-4.181246280670166,0.2472245842218399,80.23170471191406,29.61,0
-0.4344853460788727,-0.902277410030365,0.1148746833205223,-2.8516643047332764,0.2481741160154342,80.2418441772461,29.61,0
-0.4355653822422027,-0.9037006497383118,0.1185021549463272,-1.6365749835968018,0.2487834692001342,80.24835205078125,29.61,0
-0.436258465051651,-0.9046139717102052,0.1208300590515136,-1.0287641286849976,0.2491745203733444,80.25252532958984,29.61,0
-0.4367032647132873,-0.9052000641822816,0.1223239749670028,-0.2947788536548614,0.2489661872386932,80.25520324707031,29.61,0
-0.4369887113571167,-0.905576229095459,0.1288804560899734,0.7888710498809814,0.248832494020462,80.25691986083984,29.61,0
-0.4315741062164306,-0.9058176279067992,0.1274902522563934,1.437721610069275,0.2487466931343078,80.25802612304688,29.61,0
-0.4280993342399597,-0.9059725403785706,0.1321958750486374,1.6534923315048218,0.2486916333436966,80.25873565673828,29.61,0
-0.4258694052696228,-0.906071960926056,0.1352156698703766,2.9455509185791016,0.2486563026905059,80.25918579101562,29.61,0
-0.4244383871555328,-0.9061357378959656,0.13715361058712,6.375669956207275,0.2486336231231689,80.25947570800781,29.61,0
-0.423520028591156,-0.9061766862869264,0.1383972615003585,10.543756484985352,0.2486190646886825,80.2596664428711,29.61,0
-0.4229306876659393,-0.9062029719352722,0.139195367693901,12.64538288116455,0.248609721660614,80.2597885131836,29.61,0
-0.4225524663925171,-0.9062198400497437,0.134109765291214,11.926939010620115,0.2476855218410492,80.2598648071289,29.61,0
-0.4223097562789917,-0.906230628490448,0.1308461278676986,11.11837387084961,0.2470924258232116,80.2599105834961,29.61,0
-0.4221540093421936,-0.906237542629242,0.1343494802713394,12.949652671813965,0.2467118054628372,80.25994110107422,29.61,0
-0.4220540523529053,-0.9062420129776,0.1309999525547027,15.6223783493042,0.2464675456285476,80.25996398925781,29.61,0
-0.4219899177551269,-0.9062448740005492,0.1288504302501678,14.715134620666504,0.2463107854127884,80.25997924804688,29.61,0
-0.4219487607479095,-0.9062467217445374,0.1274709850549698,10.374795913696287,0.2462101876735687,80.2599868774414,29.61,0
-0.4219223260879516,-0.9062479138374328,0.1265857368707656,8.929299354553223,0.2461456358432769,80.25999450683594,29.61,0
-0.421905368566513,-0.9062486886978148,0.1260176301002502,14.403725624084473,0.246104210615158,80.25999450683594,29.61,0
-0.4218944907188415,-0.9062491655349731,0.1256530582904815,20.879688262939453,0.2456187009811401,80.25999450683594,29.61,0
-0.4274852871894836,-0.906249463558197,0.1254190951585769,16.17229461669922,0.2453071177005767,80.25999450683594,29.61,0
-0.4254753589630127,-0.9062496423721312,0.1252689510583877,-5.950932502746582,0.2451071590185165,80.25999450683594,29.61,0
-0.429783284664154,-0.9062497615814208,0.1251726001501083,-33.583003997802734,0.2449788451194763,80.25999450683594,29.61,0
-0.4325478672981262,-0.9062498211860656,0.1251107603311538,-41.87559127807617,0.2448965013027191,80.25999450683594,29.61,0
-0.4343219995498657,-0.9062498807907104,0.1306688487529754,-20.83312225341797,0.2448436617851257,80.25999450683594,29.61,0
-0.4354605376720428,-0.9062499403953552,0.1286379396915435,10.211013793945312,0.2448097467422485,80.25999450683594,29.61,0
-0.436191201210022,-0.9062499403953552,0.1329323947429657,26.049217224121094,0.2447879761457443,80.25999450683594,29.61,0
-0.4366600811481476,-0.9062499403953552,0.1356883347034454,21.61068725585937,0.2438557893037796,80.34597778320312,29.61,0
-0.4369609951972961,-0.9062499403953552,0.137456938624382,6.925464630126953,0.2432575672864914,80.40116119384766,29.61,0
-0.437154084444046,-0.9062499403953552,0.132994145154953,-8.076737403869629,0.2428736686706543,80.43656921386719,29.61,0
-0.437278002500534,-0.9062499403953552,0.1357279568910598,-16.776399612426758,0.2426273077726364,80.45929718017578,29.61,0
-0.431759774684906,-0.9062499403953552,0.1374823600053787,-17.00339126586914,0.2424692064523697,80.473876953125,29.61,0
-0.4338162541389465,-0.9062499403953552,0.1330104619264602,-13.064926147460938,0.2423677444458007,80.48323822021484,29.61,0
-0.42953822016716,-0.9062499403953552,0.1301406472921371,-11.21455192565918,0.2423026263713836,80.48924255371094,29.61,0
-0.4267928004264831,-0.9062499403953552,0.1338967531919479,-12.685359954833984,0.2422608435153961,80.49309539794922,29.61,0
-0.4306287467479706,-0.9062499403953552,0.1307094246149063,-13.353381156921388,0.2417751103639602,80.49556732177734,29.61,0
-0.4274926483631134,-0.9062499403953552,0.1286639869213104,-10.486108779907228,0.2414633929729461,80.49715423583984,29.61,0
-0.4254800975322723,-0.9062499403953552,0.1329491138458252,-6.60399055480957,0.2412633448839187,80.49817657470703,29.61,0
-0.4297863245010376,-0.9062499403953552,0.135699063539505,-5.330746650695801,0.2411349713802337,80.49883270263672,29.61,0
-0.4269520342350006,-0.9062499403953552,0.1374638229608535,-6.258366107940674,0.2410525828599929,80.49925231933594,29.61,0
-0.4307309091091156,-0.9062499403953552,0.1329985707998275,-6.642287254333496,0.2409997135400772,80.49951934814453,29.61,0
-0.4331559836864471,-0.9062499403953552,0.1301330178976059,-5.795979976654053,0.2409657835960388,80.49969482421875,29.61,0
-0.4291144907474518,-0.9062499403953552,0.1282940804958343,-5.227790832519531,0.2409440129995346,80.49980163574219,29.61,0
-0.4321186542510986,-0.9062499403953552,0.1271139532327652,-5.730143070220947,0.2400118261575698,80.49987030029297,29.63,0
-0.4340465664863586,-0.9062499403953552,0.126356616616249,-6.640066146850586,0.2394136041402816,80.49991607666016,29.63,0
-0.4352837800979614,-0.9062499403953552,0.1258706003427505,-7.159515857696533,0.2390296906232834,80.49994659423828,29.63,0
-0.436077743768692,-0.9062499403953552,0.1311564743518829,-6.837257385253906,0.2387833148241043,80.49996948242188,29.63,0
-0.4309895038604736,-0.9062499403953552,0.1289508640766143,-5.426705360412598,0.2386252135038375,80.4999771118164,29.63,0
-0.4333219528198242,-0.9062499403953552,0.1331332176923751,-3.264009952545166,0.2385237514972686,80.49998474121094,29.63,0
-0.4292210042476654,-0.9062499403953552,0.1358171999454498,-1.2097575664520264,0.2384586334228515,80.49999237060547,29.63,0
-0.4265892505645752,-0.9062499403953552,0.1375396251678466,0.3593237996101379,0.238416850566864,80.49999237060547,29.63,0
-0.4249003231525421,-0.9062499403953552,0.1330472081899643,1.8499174118041992,0.2393082529306411,80.49999237060547,29.63,0
-0.4294142425060272,-0.9062499403953552,0.1357620060443878,3.4907665252685547,0.2398802936077118,80.49999237060547,29.63,0
-0.4267132580280304,-0.9062499403953552,0.1319064348936081,4.798131942749023,0.2402473986148834,80.49999237060547,29.63,0
-0.4249799251556396,-0.9062499403953552,0.1294321566820144,5.257370948791504,0.2404829859733581,80.49999237060547,29.63,0
-0.4238675534725189,-0.9062499403953552,0.1278443038463592,5.000367164611816,0.2406341731548309,80.49999237060547,29.63,0
-0.4231536984443664,-0.9062499403953552,0.1268253177404403,4.470014572143555,0.240731194615364,80.49999237060547,29.63,0
-0.428293377161026,-0.9062499403953552,0.1261713802814483,3.886049509048462,0.2407934665679931,80.49999237060547,29.63,0
-0.425993949174881,-0.9062499403953552,0.125751718878746,3.4217300415039062,0.240833431482315,80.49999237060547,29.63,0
-0.4245183169841766,-0.9062499403953552,0.1254824101924896,3.356623888015747,0.2394819259643554,80.57522583007812,29.63,0
-0.4235713183879852,-0.9062499403953552,0.1253095865249633,3.5369620323181152,0.2386146038770675,80.6235122680664,29.63,0
-0.4229635894298553,-0.9062499403953552,0.1251986771821975,3.3553390502929688,0.2380580157041549,80.65449523925781,29.63,0
-0.4281713664531708,-0.9062499403953552,0.1251274943351745,2.6476588249206543,0.2377008199691772,80.67437744140625,29.63,0
-0.4315134286880493,-0.9062499403953552,0.1250818222761154,1.7922619581222534,0.2374715954065323,80.68714141845703,29.63,0
-0.428060382604599,-0.9062499403953552,0.1250525116920471,0.8563993573188782,0.2373244911432266,80.69532775878906,29.63,0
-0.4258444309234619,-0.9062499403953552,0.1250337064266204,-0.4177075922489166,0.2372300922870636,80.7005844116211,29.63,0
-0.4244223535060882,-0.9062499403953552,0.1306194067001342,-1.7834901809692385,0.2371695041656494,80.7039566040039,29.63,0
-0.4235097467899322,-0.9062499403953552,0.1342039853334427,-2.4665117263793945,0.2380484789609909,80.70612335205078,29.63,0
-0.4285218715667724,-0.911847710609436,0.1309065818786621,-2.016356945037842,0.238612562417984,80.70751190185547,29.63,0
-0.4261405766010284,-0.909842312335968,0.1343882828950882,-0.7637606263160706,0.2389745563268661,80.70840454101562,29.63,0
-0.4246124029159546,-0.9085553288459778,0.1366226375102996,0.5846350789070129,0.2392068654298782,80.70897674560547,29.63,0
-0.4236316978931427,-0.90772944688797,0.1380565166473388,1.6290866136550903,0.2393559515476226,80.70934295654297,29.63,0
-0.4230023622512817,-0.9071994423866272,0.1333789229393005,2.525057792663574,0.2394516170024871,80.70957946777344,29.63,0
-0.4225984811782837,-0.906859278678894,0.1303771138191223,3.590853452682495,0.2395130097866058,80.70973205566406,29.63,0
-0.4279370605945587,-0.9066410064697266,0.128450721502304,4.779962539672852,0.2395524084568023,80.70983123779297,29.63,0
-0.4257652759552002,-0.9065009355545044,0.1272144764661789,5.732941150665283,0.237741619348526,80.70989227294922,29.61,0
-0.4243715405464172,-0.9064110517501832,0.1264211237430572,6.204787731170654,0.2365795671939849,80.70993041992188,29.61,0
-0.4234771430492401,-0.9063533544540404,0.125911995768547,6.328462600708008,0.2358338236808776,80.70995330810547,29.61,0
-0.4229031503200531,-0.906316339969635,0.1255852729082107,6.3612565994262695,0.235355257987976,80.70996856689453,29.61,0
-0.4225347936153412,-0.9062925577163696,0.1253755986690521,6.289155006408691,0.2350481301546096,80.70997619628906,29.61,0
-0.4222984313964844,-0.9062772989273072,0.1252410411834716,5.8129754066467285,0.2348510324954986,80.7099838256836,29.61,0
-0.4277445077896118,-0.906267523765564,0.1251546889543533,4.740719318389893,0.2347245514392852,80.70999145507812,29.61,0
-0.4256417155265808,-0.9062612652778624,0.1306970417499542,3.296683549880981,0.2346433848142624,80.70999145507812,29.61,0
-0.4242922663688659,-0.9062572121620178,0.1286560297012329,1.99739682674408,0.2355095148086547,80.70999145507812,29.61,0
-0.4234262704849243,-0.9062546491622924,0.1329440027475357,1.253153681755066,0.2360653430223465,80.70999145507812,29.61,0
-0.4284682869911194,-0.9062529802322388,0.1356957852840423,0.9295920729637146,0.2364220470190048,80.70999145507812,29.61,0
-0.426106184720993,-0.9062519073486328,0.137461706995964,0.3350306451320648,0.2366509586572647,80.70999145507812,29.61,0
-0.4301881194114685,-0.9062512516975404,0.1329971998929977,-0.9779942631721495,0.2367978543043136,80.70999145507812,29.61,0
-0.4328076541423797,-0.906250774860382,0.1301321387290954,-2.4618990421295166,0.2368921190500259,80.70999145507812,29.61,0
-0.4344887137413025,-0.9062504768371582,0.1282935142517089,-3.041595935821533,0.2369526177644729,80.70999145507812,29.61,0
-0.4299697577953338,-0.906250298023224,0.1327113658189773,-2.306596279144287,0.2369914501905441,80.70999145507812,29.61,0
-0.4326675236225128,-0.9062501788139344,0.1299487054347992,-0.8317945599555969,0.2365570813417434,80.77806091308594,29.61,0
-0.428801029920578,-0.9062501192092896,0.1281757950782776,0.5481399297714233,0.2362783253192901,80.82174682617188,29.61,0
-0.4263197183609009,-0.9062500596046448,0.1270380467176437,1.487441062927246,0.236099436879158,80.84978485107422,29.61,0
-0.4303251504898071,-0.9062500596046448,0.1263079047203064,2.129638910293579,0.2359846383333206,80.8677749633789,29.61,0
-0.4328956007957458,-0.9062500596046448,0.1258393377065658,2.656406879425049,0.2359109669923782,80.87931823730469,29.61,0
-0.428947389125824,-0.9062500596046448,0.125538632273674,3.1090986728668213,0.2358636856079101,80.88672637939453,29.61,0
-0.4320114254951477,-0.9062500596046448,0.1253456622362136,3.5429131984710693,0.2358333468437194,80.8914794921875,29.61,0
-0.4339777529239654,-0.9062500596046448,0.1252218186855316,3.950283050537109,0.2358138710260391,80.89453125,29.61,0
-0.429641842842102,-0.9062500596046448,0.1251423507928848,4.086319446563721,0.2348831593990326,80.89649200439453,29.61,0
-0.4324570894241333,-0.9062500596046448,0.1250913590192794,3.693554639816284,0.2342858910560608,80.89775085449219,29.61,0
-0.4286659657955169,-0.9062500596046448,0.1250586360692978,2.922027349472046,0.2339025884866714,80.8985595703125,29.61,0
-0.4262330532073974,-0.9062500596046448,0.1250376254320144,2.2871851921081543,0.2336566150188446,80.89907836914062,29.61,0
-0.4302695095539093,-0.9062500596046448,0.125024139881134,2.0302481651306152,0.2334987670183181,80.89940643310547,29.61,0
-0.4328598976135254,-0.9062500596046448,0.1250154972076416,1.7220577001571655,0.2333974689245224,80.89962005615234,29.61,0
-0.4345222413539886,-0.9062500596046448,0.1250099390745163,0.7504425644874573,0.2333324551582336,80.8997573852539,29.61,0
-0.4355890452861786,-0.9062500596046448,0.1306041479110717,-0.840379536151886,0.2332907319068908,80.89984130859375,29.61,0
-0.4362736642360687,-0.9062500596046448,0.1285964250564575,-2.4559850692749023,0.2323461025953292,80.89990234375,29.61,0
-0.4367130100727081,-0.9062500596046448,0.1273079812526703,-3.7829763889312735,0.2317398935556411,80.89994049072266,29.61,0
-0.4369949698448181,-0.9062500596046448,0.1320789009332656,-4.756370544433594,0.2313508689403534,80.89996337890625,29.61,0
-0.4371758997440338,-0.9062500596046448,0.1295428276062011,-5.004868507385254,0.2311012148857116,80.89997863769531,29.61,0
-0.4372920095920563,-0.9062500596046448,0.1335130929946899,-4.358260631561279,0.2309409976005554,80.89998626708984,29.61,0
-0.4373665153980255,-0.9062500596046448,0.1304632127285003,-3.4309966564178467,0.2308381795883178,80.89999389648438,29.61,0
-0.4374143481254577,-0.9062500596046448,0.1285059750080108,-2.749950170516968,0.2307721972465515,80.89999389648438,29.61,0
-0.4374450445175171,-0.900652289390564,0.127249926328659,-2.0119574069976807,0.2307298481464386,80.89999389648438,29.61,0
-0.4374647438526153,-0.8970599174499512,0.1264438778162002,-0.9400660395622252,0.230702668428421,80.89999389648438,29.61,0
-0.4374773800373077,-0.9003523588180542,0.125926598906517,0.0738264918327331,0.2306852340698242,80.89999389648438,29.61,0
-0.4374854862689972,-0.8968674540519714,0.1255946308374405,0.6564154624938965,0.2306740432977676,80.89999389648438,29.61,0
-0.4318929016590118,-0.894631028175354,0.1253816038370132,0.9908791780471802,0.2306668609380722,80.89999389648438,29.61,0
-0.433901697397232,-0.898793637752533,0.1252448856830597,1.420473337173462,0.2306622564792633,80.89999389648438,29.61,0
-0.4351908266544342,-0.9014649391174316,0.1251571476459503,1.92902946472168,0.2306593060493469,80.89999389648438,29.61,0
-0.4360181093215942,-0.9031792283058168,0.1306986212730407,2.219565868377685,0.2306573987007141,80.89999389648438,29.61,0
-0.4365490078926086,-0.904279351234436,0.1286570429801941,2.255547046661377,0.2306561768054962,80.89999389648438,29.61,0
-0.4368897080421448,-0.9049853682518004,0.1273468732833862,2.2034037113189697,0.2292778939008712,80.94298553466797,29.61,0
-0.4371083378791809,-0.9054384231567384,0.1265060901641845,1.9119956493377688,0.2283933907747268,80.97057342529297,29.61,0
-0.4372486472129822,-0.9057291746139526,0.1259665191173553,1.1589398384094238,0.2278257757425308,80.98828125,29.61,0
-0.4373387098312378,-0.9059157371520996,0.1312180310487747,0.2529280483722687,0.227461501955986,80.99964141845703,29.61,0
-0.4429942667484283,-0.9060354828834534,0.1289903670549392,-0.4395579993724823,0.2272277325391769,81.0069351196289,29.61,0
-0.4410259127616882,-0.9061123132705688,0.1275607943534851,-1.1562315225601196,0.2270777225494384,81.01161193847656,29.61,0
-0.4397627413272857,-0.9061616659164428,0.1266433745622635,-2.142789840698242,0.226981446146965,81.01461791992188,29.61,0
-0.4445498585700989,-0.9061933159828186,0.1260546296834945,-2.8332273960113525,0.2269196659326553,81.01654815673828,29.61,0
-0.4476219713687897,-0.906213641166687,0.1256767958402633,-2.488143920898437,0.2273393124341964,81.01778411865234,29.61,0
-0.4439956843852997,-0.9006288647651672,0.125434324145317,-1.2169945240020752,0.2276086062192917,81.0185775756836,29.61,0
-0.4416685700416565,-0.8970448970794678,0.1252787262201309,0.3654271960258484,0.2277814298868179,81.01908874511719,29.61,0
-0.4401751458644867,-0.9003427028656006,0.1251788735389709,2.032963275909424,0.2278923392295837,81.01941680908203,29.61,0
-0.4392167627811432,-0.9024590253829956,0.1251147836446762,3.719294786453247,0.2279635071754455,81.01962280273438,29.61,0
-0.4386017322540283,-0.9038171768188475,0.1250736564397812,4.9949445724487305,0.2280091792345047,81.01976013183594,29.61,0
-0.4438048005104065,-0.8990910053253174,0.1250472664833068,5.5520548820495605,0.228038489818573,81.01984405517578,29.61,0
-0.4415460526943207,-0.8960580229759216,0.1250303387641906,5.698204517364502,0.2280572950839996,81.0198974609375,29.61,0
-0.4400965273380279,-0.8941115736961365,0.1250194758176803,5.788412094116211,0.2271511554718017,81.01993560791016,29.61,0
-0.4391663074493408,-0.8928624987602234,0.1250125020742416,5.76390266418457,0.226569652557373,81.01995849609375,29.61,0
-0.4385693371295929,-0.8920608758926392,0.1250080168247223,5.569045543670654,0.2261964678764343,81.01997375488281,29.61,0
-0.4381862282752991,-0.8915464878082275,0.1306029260158538,5.379510879516602,0.225956991314888,81.01998138427734,29.61,0
-0.437940388917923,-0.8968141078948975,0.134193405508995,5.110992908477783,0.2258033007383346,81.01998901367188,29.61,0
-0.4433803856372833,-0.8945968151092529,0.1364975720643997,4.308140277862549,0.2257046699523925,81.01998901367188,29.61,0
-0.4412736892700195,-0.89317387342453,0.1379762589931488,2.9295148849487305,0.2256413698196411,81.01998901367188,29.61,0
-0.4399217367172241,-0.8978585004806519,0.1389251947402954,1.6399614810943604,0.2256007492542266,81.01998901367188,29.61,0
-0.4446519017219543,-0.8952670693397522,0.1339363902807235,0.7622442841529846,0.2260336130857467,81.01998901367188,29.61,0
-0.4476874470710754,-0.893604040145874,0.136332631111145,-0.3240801393985748,0.2263114005327224,81.01998901367188,29.61,0
-0.4440377056598663,-0.8981345295906067,0.1378704011440277,-2.081663131713867,0.2264896631240844,81.01998901367188,29.61,0
-0.4472933113574981,-0.9010419845581056,0.1332594752311706,-3.8150339126586914,0.2266040593385696,81.01998901367188,29.61,0
-0.4437847733497619,-0.9029077887535096,0.1303004622459411,-4.461676597595215,0.2266774773597717,81.01998901367188,29.61,0
-0.4415332078933716,-0.9041051864624025,0.1284015327692031,-3.862785816192627,0.2267245948314666,81.01998901367188,29.61,0
-0.4400882720947265,-0.8992757797241211,0.1271829009056091,-2.769102096557617,0.226754829287529,81.01998901367188,29.61,0
-0.4447587728500366,-0.8961765766143799,0.1264008581638336,-1.809293508529663,0.2267742305994033,81.01998901367188,29.61,0
-0.4421582520008087,-0.8997854590415955,0.1258989870548248,-0.892407238483429,0.2258684784173965,81.05223846435547,29.61,0
-0.4404894113540649,-0.902101457118988,0.125576913356781,0.2477141916751861,0.2252872139215469,81.07292938232422,29.61,0
-0.4394184350967407,-0.9035876989364624,0.1253702342510223,1.4200352430343628,0.2249141931533813,81.08621215820312,29.61,0
-0.4387311339378357,-0.8989437222480774,0.1252375990152359,2.3371620178222656,0.2246748059988021,81.09473419189453,29.61,0
-0.443887859582901,-0.9015612602233888,0.1251524835824966,3.029615879058838,0.2245211750268936,81.10020446777344,29.61,0
-0.4415993690490722,-0.9032410383224488,0.1306956261396408,3.488323211669922,0.2244225889444351,81.10371398925781,29.61,0
-0.440130740404129,-0.8987212181091309,0.1342529058456421,3.556993007659912,0.224359318614006,81.10596466064453,29.61,0
-0.4447860419750213,-0.895820677280426,0.1309379786252975,3.3108725547790527,0.2243187129497528,81.10741424560547,29.61,0
-0.4477735459804535,-0.8995570540428162,0.1288106590509414,2.95588493347168,0.2233747988939285,81.10833740234375,29.61,0
-0.4440929591655731,-0.8963570594787598,0.1330432295799255,2.430720567703247,0.2227690517902374,81.10893249511719,29.61,0
-0.4473287463188171,-0.8943035006523132,0.1301616877317428,1.6351306438446045,0.2223803251981735,81.10931396484375,29.61,0
-0.449405312538147,-0.8985834121704102,0.1339102536439895,0.759144127368927,0.2221308648586273,81.10955810546875,29.61,0
-0.4507379233837127,-0.8957322239875793,0.1363158673048019,0.0429356433451175,0.2219707667827606,81.1097183227539,29.61,0
-0.4459953308105469,-0.8939025402069092,0.1378596425056457,-0.5922319293022156,0.221868023276329,81.10981750488281,29.61,0
-0.4485495984554291,-0.892728328704834,0.1388503462076187,-1.4548330307006836,0.2218021005392074,81.1098861694336,29.61,0
-0.4501887559890747,-0.8919748067855835,0.1394861340522766,-2.7464113235473637,0.2217597812414169,81.10992431640625,29.61,0
-0.4456429183483124,-0.8914912343025208,0.1398941427469253,-4.191474914550781,0.2221915572881698,81.10995483398438,29.61,0
-0.4483234286308288,-0.8911808729171753,0.1401559710502624,-4.993443489074707,0.2224686443805694,81.10997009277344,29.61,0
-0.4500436186790466,-0.8909817337989807,0.1403240114450454,-4.608874320983887,0.2226464748382568,81.10997772216797,29.61,0
-0.4455497860908508,-0.8908539414405823,0.1404318362474441,-3.430610179901123,0.2227605879306793,81.1099853515625,29.61,0
-0.4482636749744415,-0.8907719254493713,0.1349032670259475,-2.208733320236206,0.222833827137947,81.10999298095703,29.61,0
-0.450005292892456,-0.8907192945480347,0.1369531154632568,-1.0090242624282837,0.2228808254003524,81.10999298095703,29.61,0
-0.4511229395866394,-0.890685498714447,0.1382685899734497,0.4738124907016754,0.2229109853506088,81.10999298095703,29.61,0
-0.4462424218654632,-0.8906638026237488,0.1391127854585647,2.0165367126464844,0.2229303419589996,81.10999298095703,29.61,0
-0.4487081468105316,-0.8906499147415161,0.1396545469760894,3.0746371746063232,0.2215656191110611,81.10999298095703,29.61,0
-0.4502905309200287,-0.8906409740447998,0.1344044506549835,3.560206174850464,0.2206898182630539,81.10999298095703,29.61,0
-0.4457082152366638,-0.8906352519989014,0.1366330087184906,3.771504402160645,0.2201277762651443,81.10999298095703,29.61,0
-0.4483653306961059,-0.8906315565109253,0.1380631625652313,3.799626111984253,0.2197670936584472,81.10999298095703,29.61,0
-0.4500705301761627,-0.890629231929779,0.1389809548854828,3.5489797592163086,0.219535619020462,81.10999298095703,29.61,0
-0.4511648118495941,-0.8906277418136597,0.139569953083992,3.1373491287231445,0.2193870693445205,81.10999298095703,29.61,0
-0.4574648439884186,-0.8906267881393433,0.1399479359388351,2.71555495262146,0.2192917466163635,81.10999298095703,29.61,0
-0.4559100568294525,-0.8906261324882507,0.1401904970407486,2.1475179195404053,0.2192305773496627,81.10999298095703,29.61,0
-0.4549122750759125,-0.8906257152557373,0.1403461545705795,1.313667058944702,0.220109537243843,81.1422348022461,29.61,0
-0.4542719721794128,-0.8906254768371582,0.140446051955223,0.4668654799461365,0.2206735908985138,81.16292572021484,29.61,0
-0.4538610577583313,-0.8906252980232239,0.140510156750679,-0.0944759175181388,0.2210355699062347,81.17620849609375,29.61,0
-0.4535973668098449,-0.8906251788139343,0.1405512988567352,-0.5156162977218628,0.2212678790092468,81.18473052978516,29.61,0
-0.4590259194374084,-0.8906251192092896,0.1405777037143707,-1.1871284246444702,0.22141695022583,81.19020080566406,29.61,0
-0.4569118618965149,-0.8906250596046448,0.1405946463346481,-2.2271041870117188,0.2215126156806945,81.19371032714844,29.61,0
-0.4555552005767822,-0.8906250596046448,0.1406055241823196,-3.285001277923584,0.2215740084648132,81.19596099853516,29.61,0
-0.4602823257446289,-0.8906250596046448,0.1406124979257583,-3.731031656265259,0.2216134071350097,81.1974105834961,29.61,0
-0.4633159339427948,-0.8906250596046448,0.1406169831752777,-3.214771270751953,0.2198022603988647,81.19833374023438,29.61,0
-0.4596649408340454,-0.8906250596046448,0.1406198590993881,-2.04514217376709,0.2186399847269058,81.19892883300781,29.61,0
-0.4629197418689728,-0.8906250596046448,0.1406217068433761,-0.703416645526886,0.2178940922021865,81.19931030273438,29.61,0
-0.459410697221756,-0.8906250596046448,0.1406228840351104,0.7200899124145508,0.2174154222011566,81.19955444335938,29.61,0
-0.4571588039398193,-0.8906250596046448,0.1406236439943313,2.0742712020874023,0.2171082496643066,81.19971466064453,29.61,0
-0.4557136595249176,-0.8906250596046448,0.1406241357326507,2.828664302825928,0.2169111222028732,81.19981384277344,29.61,0
-0.4547862410545349,-0.8906250596046448,0.1406244486570358,2.933037519454956,0.2167846113443374,81.19988250732422,29.61,0
-0.4541910886764526,-0.8906250596046448,0.1406246423721313,3.032261371612549,0.2167034298181533,81.19992065429688,29.61,0
-0.4538091421127319,-0.8906250596046448,0.1406247764825821,3.339552640914917,0.2180284708738327,81.199951171875,29.59,0
-0.4591618180274963,-0.8906250596046448,0.140624850988388,3.3827037811279297,0.2188788056373596,81.19996643066406,29.59,0
-0.4625968635082245,-0.8906250596046448,0.1406249105930328,3.087963819503784,0.2194245010614395,81.1999740600586,29.59,0
-0.4592035114765167,-0.8906250596046448,0.1406249403953552,2.841495513916016,0.2197746932506561,81.19998168945312,29.59,0
-0.4626236259937286,-0.8906250596046448,0.1406249552965164,2.5973446369171143,0.2199994325637817,81.19998931884766,29.59,0
-0.459220677614212,-0.8906250596046448,0.1406249701976776,2.0895702838897705,0.220143660902977,81.19998931884766,29.59,0
-0.4626346230506897,-0.8906250596046448,0.1406249850988388,1.4806864261627195,0.2202362120151519,81.19998931884766,29.59,0
-0.4648255109786987,-0.8906250596046448,0.1406249850988388,0.9896276593208312,0.2202956080436706,81.19998931884766,29.59,0
-0.466231495141983,-0.8906250596046448,0.1406249850988388,0.420131504535675,0.2184976488351822,81.19998931884766,29.59,0
-0.4671337604522705,-0.8906250596046448,0.1406249850988388,-0.5400458574295044,0.2173438221216201,81.19998931884766,29.59,0
-0.467712789773941,-0.8906250596046448,0.1406249850988388,-1.9264861345291135,0.2166033685207367,81.19998931884766,29.59,0
-0.46248659491539,-0.8906250596046448,0.1406249850988388,-3.332114696502685,0.2161281853914261,81.19998931884766,29.59,0
-0.4591327309608459,-0.8906250596046448,0.1406249850988388,-3.875908613204956,0.2158232480287552,81.19998931884766,29.59,0
-0.4625781774520874,-0.8906250596046448,0.1406249850988388,-2.824097156524658,0.2156275510787964,81.19998931884766,29.59,0
-0.4647892713546753,-0.8906250596046448,0.1406249850988388,-0.5942672491073608,0.2155019640922546,81.19998931884766,29.59,0
-0.4662082195281982,-0.8906250596046448,0.1406249850988388,1.4063386917114258,0.2154213637113571,81.19998931884766,29.59,0
-0.4615210592746734,-0.8906250596046448,0.1406249850988388,2.1779041290283203,0.2162874937057495,81.26089477539062,29.59,0
-0.4641108810901642,-0.8906250596046448,0.1406249850988388,1.8526406288146973,0.2168433368206024,81.29998016357422,29.59,0
-0.460175096988678,-0.8906250596046448,0.1406249850988388,1.131596922874451,0.2172000408172607,81.32506561279297,29.59,0
-0.4632471203804016,-0.8906250596046448,0.1406249850988388,0.5291520953178406,0.2174289524555206,81.3411636352539,29.59,0
-0.46521857380867,-0.8906250596046448,0.1406249850988388,0.2500149607658386,0.2175758630037307,81.35149383544922,29.59,0
-0.4664837419986725,-0.8906250596046448,0.1406249850988388,0.3324088454246521,0.217670127749443,81.35812377929688,29.59,0
-0.4672956466674804,-0.8906250596046448,0.1406249850988388,0.5966565012931824,0.21773062646389,81.36238098144531,29.59,0
-0.4678166806697845,-0.8906250596046448,0.1406249850988388,0.5727763175964355,0.2177694588899612,81.3651123046875,29.59,0
-0.4681510627269745,-0.8906250596046448,0.1406249850988388,-0.0157607402652502,0.2164172232151031,81.36686706542969,29.59,0
-0.4683656394481659,-0.8906250596046448,0.1406249850988388,-0.7302120327949524,0.2155494391918182,81.36798858642578,29.59,0
-0.468503326177597,-0.8906250596046448,0.135027214884758,-0.8949345946311951,0.2149925529956817,81.36871337890625,29.59,0
-0.4685916900634765,-0.8906250596046448,0.1370326578617096,-0.5886478424072266,0.2146351635456085,81.36917877197266,29.59,0
-0.4686484038829803,-0.8906250596046448,0.1383196413516998,-0.4494118094444275,0.214405819773674,81.36947631835938,29.59,0
-0.4686847925186157,-0.8906250596046448,0.13914555311203,-0.7183157205581665,0.2142586410045623,81.36966705322266,29.59,0
-0.4743059277534485,-0.885027289390564,0.139675572514534,-1.256305456161499,0.2141641825437545,81.36978912353516,29.59,0
-0.4779132604598999,-0.887032687664032,0.1400157064199447,-2.113864660263061,0.214103564620018,81.36986541748047,29.59,0
-0.4802282154560089,-0.8827219009399414,0.1458317637443542,-3.3305559158325195,0.214064672589302,81.36991119384766,29.59,0
-0.4817138314247131,-0.885553240776062,0.1495641767978668,-4.3693037033081055,0.2140397131443023,81.36994171142578,29.59,0
-0.4826672077178955,-0.8817724585533142,0.1519594192504882,-4.55226469039917,0.2140236943960189,81.36996459960938,29.59,0
-0.4832790493965149,-0.884943962097168,0.1534965485334396,-3.870764017105103,0.2140134125947952,81.36997985839844,29.59,0
-0.4780738949775696,-0.8813814520835876,0.1600807607173919,-2.7169008255004883,0.2140068113803863,81.36998748779297,29.59,0
-0.4859291017055511,-0.873497486114502,0.1475128084421157,-1.2097468376159668,0.2140025794506073,81.3699951171875,29.59,0
-0.4853723347187042,-0.8852313160896301,0.145045205950737,0.5026336908340454,0.21399986743927,81.3699951171875,29.59,0
-0.4794172644615173,-0.8759680986404419,0.1490594148635864,1.8344082832336424,0.2139981240034103,81.3699951171875,29.59,0
-0.4699978530406952,-0.8868167996406555,0.1572332680225372,2.3845455646514893,0.2135380804538726,81.3699951171875,29.59,0
-0.4807463586330414,-0.8825833201408386,0.1512832343578338,2.486811876296997,0.2132428437471389,81.3699951171875,29.59,0
-0.4876441359519958,-0.8854643106460571,0.1530626118183136,2.5811009407043457,0.2130533754825592,81.3699951171875,29.59,0
-0.480875164270401,-0.8817154169082642,0.1598022878170013,2.652358055114746,0.2129317969083786,81.3699951171875,29.59,0
-0.4877267777919769,-0.8849073648452759,0.1585296541452407,2.5619490146636963,0.2128537744283676,81.3699951171875,29.59,0
-0.4809282124042511,-0.886955738067627,0.1689085066318512,2.4036173820495605,0.2128037065267563,81.3699951171875,29.59,0
-0.4877608120441437,-0.8770747184753418,0.1643735021352768,2.155123710632324,0.2127715647220611,81.3699951171875,29.59,0
-0.4865478277206421,-0.865135908126831,0.1670609712600708,1.6159017086029053,0.2127509415149688,81.3699951171875,29.59,0
-0.4857693910598755,-0.8630720376968384,0.1631878614425659,0.8901070952415466,0.2141148447990417,81.42015075683594,29.59,0
-0.4908676147460937,-0.8505520224571228,0.1607023179531097,0.3311869204044342,0.2149901241064071,81.45233917236328,29.59,0
-0.4829438030719757,-0.8761039972305298,0.1647050231695175,-0.1743814647197723,0.2155518233776092,81.4729995727539,29.59,0
-0.4778587520122528,-0.8701106905937195,0.1672737151384353,-1.0720382928848269,0.2159122973680496,81.48625946044922,29.59,0
-0.4745954871177673,-0.8774601221084595,0.1689221560955047,-2.3467049598693848,0.2161436229944229,81.49476623535156,29.59,0
-0.4725013077259063,-0.8765787482261658,0.1755778044462204,-3.522970199584961,0.216292068362236,81.5002212524414,29.59,0
-0.476755142211914,-0.8760131597518921,0.1798490285873413,-4.270664691925049,0.2163873314857483,81.50372314453125,29.59,0
-0.4738872349262237,-0.87565016746521,0.182590052485466,-4.46388578414917,0.2164484709501266,81.50597381591797,29.59,0
-0.4776445627212524,-0.8810150027275085,0.1843490749597549,-3.953768014907837,0.2160287797451019,81.50741577148438,29.59,0
-0.4744580090045929,-0.8732622861862183,0.1854779124259948,-2.720012187957764,0.2157594561576843,81.50833892822266,29.59,0
-0.4780108332633972,-0.8738848567008972,0.1862023472785949,-1.2977253198623655,0.2155866175889969,81.5089340209961,29.59,0
-0.4802908301353454,-0.8742843866348267,0.1866672486066818,-0.6536766290664673,0.2154756933450698,81.50931549072266,29.59,0
-0.4873517751693725,-0.8745407462120056,0.1869655847549438,-1.0571905374526978,0.2154045104980468,81.50955963134766,29.59,0
-0.4862853288650512,-0.8691074848175049,0.1927548199892044,-1.2982295751571655,0.2153588235378265,81.50971984863281,29.59,0
-0.491198718547821,-0.8712185025215149,0.196470022201538,-0.2384214699268341,0.2153295129537582,81.50981903076172,29.59,0
-0.4831562936306,-0.8669754862785339,0.1988542228937149,0.968341052532196,0.2153107076883316,81.5098876953125,29.59,0
-0.4835928976535797,-0.8698503375053406,0.200384259223938,0.1843512952327728,0.2139211297035217,81.50992584228516,29.61,0
-0.478275328874588,-0.8716952204704285,0.2013661563396453,-2.049152374267578,0.2130293846130371,81.50995635986328,29.61,0
-0.4748628139495849,-0.867281436920166,0.2019962817430496,-2.6799893379211426,0.2124571055173874,81.50997161865234,29.61,0
-0.4782706201076507,-0.8644489049911499,0.1968028843402862,-1.0033477544784546,0.2120898514986038,81.50997924804688,29.61,0
-0.4804575741291046,-0.8682289123535156,0.1934700608253479,-0.4504317343235016,0.2118541747331619,81.5099868774414,29.61,0
-0.4762632548809051,-0.8594591617584229,0.1913312375545501,-3.31275486946106,0.2117029279470443,81.50999450683594,29.61,0
-0.4735715687274933,-0.8706245422363281,0.1955564469099044,-6.507425308227539,0.2116058617830276,81.50999450683594,29.61,0
-0.4718441963195801,-0.8721920847892761,0.1982679367065429,-6.003204345703125,0.2115435749292373,81.50999450683594,29.61,0
-0.4819312393665313,-0.8731980323791504,0.1944102346897125,-3.19331693649292,0.2115035951137542,81.50999450683594,29.61,0
-0.4716111719608307,-0.8682458400726318,0.197532370686531,-3.553968667984009,0.2114779502153396,81.50999450683594,29.61,0
-0.4817816913127899,-0.8762633204460144,0.1939381957054138,-10.570812225341797,0.2114614844322204,81.50999450683594,29.61,0
-0.4659174382686615,-0.8814085125923157,0.2140227556228637,-19.895965576171875,0.211450919508934,81.50999450683594,29.61,0
-0.4501388967037201,-0.86231929063797,0.2213141024112701,-17.87683868408203,0.2114441394805908,81.50999450683594,29.61,0
-0.445610910654068,-0.8836555480957031,0.2259932607412338,5.53416109085083,0.2114397883415222,81.50999450683594,29.61,0
-0.4371073544025421,-0.8973479270935059,0.234593853354454,38.34906005859375,0.2114370018243789,81.50999450683594,29.61,0
-0.4316502511501312,-0.8725482821464539,0.2289176732301712,54.2918586730957,0.2114352136850357,81.50999450683594,29.61,0
-0.4113548696041107,-0.8902199268341064,0.242068350315094,43.31059646606445,0.2091387063264846,81.56015014648438,29.61,0
-0.3983304500579834,-0.8791695237159729,0.2449099272489547,19.661800384521484,0.2076649367809295,81.59233856201172,29.61,0
-0.3899721503257751,-0.8664802312850952,0.2467334866523742,0.2937510311603546,0.206719160079956,81.61299896240234,29.61,0
-0.3958038091659546,-0.8807280659675598,0.2535015046596527,-8.517146110534668,0.2061122208833694,81.62625885009766,29.61,0
-0.3939484655857086,-0.8954692482948303,0.2690403759479522,-6.74479341506958,0.2057227194309234,81.634765625,29.61,0
